StudyUnit,StudyArea,ProjectID,USGSStatio,PSCode,SampleDate,Latitude,Longitude,PSCode_Num,Retailer N,Retailer_1,Elevation,NAME1,NodeCodes_,MET_MEMBER,RET_TYPE,xcoord,ycoord,flag
San Gabriel & San Fernando Valleys,San Gabriel,ULASG-15,3.409E+14,1910007-001,6/23/2005,34.15188889,-117.9203056,1910007,Azusa  City of,City of Azusa,690,CITY OF AZUSA,CTY_AZU,,CITY RETAILER,6585778.318,1877666.984,0
San Gabriel & San Fernando Valleys,San Gabriel,ULASG-21,3.406E+14,1910007-010,7/12/2005,34.11277778,-117.9154722,1910007,Azusa  City of,City of Azusa,502,CITY OF AZUSA,CTY_AZU,,CITY RETAILER,6587252.639,1863434.93,0
Coastal Los Angeles basins,Central Basin,CLABU-07,3.354E+14,na,11/16/2006,33.90788889,-118.1212778,na,Bellflower Municipal Water System,Bellflower Municipal Water System,0,BELLFLOWER MUNICIPAL WATER SYSTEM,CTY_BEL4,,CITY RETAILER,6524866.769,1788883.103,0
Coastal Los Angeles basins,Central Basin,CLABCB-02,3.35209E+14,1910018-015,8/15/2006,33.86911111,-118.1398056,1910018,Bellflower-Somerset Mutual Water Company,Bellflower-Somerset Mutual Water Company,60,BELLFLOWER-SOMERSET MUTUAL WATER COMPANY,MWC_BLS,,MUTUAL WATER COMPANY,6519225.166,1774778.259,0
Coastal Los Angeles basins,Hollywood,CLABDA-03,3.404E+14,1910156-014,8/9/2006,34.07308333,-118.4026944,1910156,Beverly Hills  City of,City of Beverly Hills,318,CITY OF BEVERLY HILLS,CTY_BHL,YES,CITY RETAILER,6439716.339,1849222.893,0
Coastal Los Angeles basins,Hollywood,CLABDA-05,3.404E+14,1910156-012,11/14/2006,34.08147222,-118.3904444,1910156,Beverly Hills  City of,City of Beverly Hills,234,CITY OF BEVERLY HILLS,CTY_BHL,YES,CITY RETAILER,6443437.918,1852261.112,0
San Gabriel & San Fernando Valleys,San Fernando,ULASF-07,3.411E+14,1910179-028,5/26/2005,34.19108333,-118.3449722,1910179,Burbank  City of,City of Burbank,658,CITY OF BURBANK,CTY_BUR,YES,CITY RETAILER,6457343.997,1892100.013,0
San Gabriel & San Fernando Valleys,San Fernando,ULASFU-05,3.413E+14,na,7/19/2005,34.23322222,-118.3819167,na,Burbank  City of,City of Burbank,2432,CITY OF LOS ANGELES,CTY_LAX2,YES,CITY RETAILER,6446229.968,1907475.404,0
Coastal Los Angeles basins,West Basin,CLABWB-08,3.349E+14,na,11/14/2006,33.82130556,-118.2443333,na,California Water Service Co- Dominguez,California Water Service Co- Dominguez,0,CAL WATER SERVICE CO. - DOMINGUEZ,IOU_CWS2,,INVESTOR OWNED UTILITY,6487450.917,1757441.287,0
Coastal Los Angeles basins,Central Basin,CLABCB-18,3.401E+14,na,11/15/2006,34.02411111,-118.1788889,na,California Water Service Co- East LA,California Water Service Co- East LA,0,CAL WATER SERVICE CO. - EAST LA,IOU_CWS3,,INVESTOR OWNED UTILITY,6507460.849,1831204.898,0
San Gabriel & San Fernando Valleys,San Gabriel,ULASG-14,3.407E+14,1900035-002,6/20/2005,34.12902778,-117.9434444,1900035,California-American Water Company Duarte,California-American Water Company Duarte,554,CAL-AM WATER CO. - DUARTE,IOU_CA2,,INVESTOR OWNED UTILITY,6578782.324,1869342.663,0
San Gabriel & San Fernando Valleys,San Gabriel,ULASG-18,3.41E+14,1910035-009,7/12/2005,34.17436111,-118.0968611,1910035,California-American Water Company Duarte,California-American Water Company Duarte,972,KINNELOA ID,IRR_KIN2,,IRRIGATION DISTRICT,6532369.089,1885849.593,0
San Gabriel & San Fernando Valleys,San Gabriel,ULASG-08,3.40835E+14,1910139-004,6/15/2005,34.14319444,-118.0988611,1910139,California-American Water Company Los Angeles District,California-American Water Company Los Angeles District,758,,CTY_LAX2,,,6531752.994,1874508.067,0
San Gabriel & San Fernando Valleys,San Gabriel,ULASG-09,3.40743E+14,1910186-001,6/15/2005,34.1285,-117.9760833,1910186,California-American Water Company Los Angeles District,California-American Water Company Los Angeles District,450,CAL-AM WATER CO. - DUARTE,IOU_CA2,,INVESTOR OWNED UTILITY,6568904.724,1869146.64,0
San Gabriel & San Fernando Valleys,San Gabriel,ULASG-10,3.4062E+14,1910139-631,6/15/2005,34.11411111,-118.1016111,1910139,California-American Water Company Los Angeles District,California-American Water Company Los Angeles District,509,SAN GABRIEL CWD,CWD_SGB1,,COUNTY WATER DISTRICT,6530910.192,1863924.941,0
San Gabriel & San Fernando Valleys,San Gabriel,ULASGU-03,3.408E+14,1910186-009,6/15/2005,34.14238889,-117.9384444,1910186,California-American Water Company Los Angeles District,California-American Water Company Los Angeles District,615,CAL-AM WATER CO. - DUARTE,IOU_CA2,,INVESTOR OWNED UTILITY,6580292.517,1874205.905,0
San Gabriel & San Fernando Valleys,San Gabriel,ULASGU-05,3.40607E+14,1910139-011,6/22/2005,34.10180556,-118.064,1910139,California-American Water Company Los Angeles District,California-American Water Company Los Angeles District,384,,IOU_CA2,,,6542291.773,1859437.344,0
San Gabriel & San Fernando Valleys,San Gabriel,ULASGU-07,3.40715E+14,1910139-017,7/12/2005,34.12084137,-118.099236,1910139,California-American Water Company Los Angeles District,California-American Water Company Los Angeles District,562,CAL-AM WATER CO. - SAN MARINO,IOU_CA5,,INVESTOR OWNED UTILITY,6531631.525,1866373.488,0
San Gabriel & San Fernando Valleys,San Gabriel,ULASGU-08,3.40554E+14,1910139-021,7/13/2005,34.09858333,-118.0517222,1910139,California-American Water Company Los Angeles District,California-American Water Company Los Angeles District,371,CAL-AM WATER CO. - SAN MARINO,IOU_CA4,,INVESTOR OWNED UTILITY,6546008.061,1858262.574,0
Coastal Los Angeles basins,Central Basin,CLABCB-01,3.40023E+14,1910052-003,8/9/2006,34.00636111,-118.3349444,1910052,California-American Water Company Los Angeles District,California-American Water Company Los Angeles District,134,CITY OF LOS ANGELES,CTY_LAX5,YES,CITY RETAILER,6460152.477,1824866.214,0
San Gabriel & San Fernando Valleys,San Gabriel,ULASG-19,3.405E+14,1900004-001,7/12/2005,34.08608333,-118.0556944,1900004,California-American Water Company San Marino,California-American Water Company San Marino,304,CAL-AM WATER CO. - SAN MARINO,IOU_CA4,,INVESTOR OWNED UTILITY,6544802.979,1853714.232,0
Coastal Los Angeles basins,Central Basin,CLABU-05,3.352E+14,na,11/15/2006,33.87177778,-118.1041944,na,Cerritos  City Of,City of Cerritos,0,CITY OF CERRITOS,CTY_CER,,CITY RETAILER,6530036.842,1775735.604,0
Coastal Los Angeles basins,Central Basin,CLABCB-14,3.35302E+14,1910026-013,8/29/2006,33.88165833,-118.2266889,1910026,Compton  City of,City of Cerritos,72,CITY OF COMPTON,CTY_CP3,YES,CITY RETAILER,6492859.893,1779392.57,0
San Gabriel & San Fernando Valleys,San Gabriel,ULASG-20,3.40521E+14,1910128-003,7/12/2005,34.08891667,-117.9456667,1910128,Covina Irrigating Company,Covina Irrigating Company,404,,MWC_COV,,,6578117.67,1854745.112,0
San Gabriel & San Fernando Valleys,San Fernando,ULASFU-01,3.412E+14,1910028-013,5/25/2005,34.20994444,-118.23975,1910028,Crescenta Valley Water District,Crescenta Valley Water District,1242,CRESCENTA VALLEY CWD AND GLENDALE,CWD_CRE2,,OVERLAP,6489180.427,1898871.341,0
San Gabriel & San Fernando Valleys,San Fernando,ULASFU-02,3.413E+14,1910028-007,5/25/2005,34.22144444,-118.2513333,1910028,Crescenta Valley Water District,Crescenta Valley Water District,1391,CRESCENTA VALLEY CWD AND GLENDALE,CWD_CRE2,,OVERLAP,6485688.792,1903064.941,0
San Gabriel & San Fernando Valleys,San Fernando,ULASF-08,3.409E+14,1910043-028,6/6/2005,34.15811111,-118.2863056,1910043,Glendale  City of,City of Glendale,470,CITY OF GLENDALE,CTY_GDL,YES,CITY RETAILER,6475051.069,1880045.161,0
San Gabriel & San Fernando Valleys,San Fernando,ULASF-09,3.411E+14,1910043-003,6/7/2005,34.19205556,-118.2296944,1910043,Glendale  City of,City of Glendale,1012,CITY OF GLENDALE,CTY_GDL,YES,CITY RETAILER,6492205.764,1892354.172,0
San Gabriel & San Fernando Valleys,San Fernando,ULASF-12,3.408E+14,1910043-031,6/9/2005,34.13730556,-118.2696389,1910043,Glendale  City of,City of Glendale,453,CITY OF LOS ANGELES,CTY_LAX5,YES,CITY RETAILER,6480072.898,1872459.723,0
Coastal Los Angeles basins,West Basin,CLABWB-04,3.358E+14,na,9/12/2006,33.98202778,-118.3868611,na,Golden State Water Co- Metropolitan,Golden State Water Co- Metropolitan,0,GOLDEN STATE WATER CO. - METROPOLITAN,IOU_GSM7,,INVESTOR OWNED UTILITY,6444383.672,1816067.372,0
San Gabriel & San Fernando Valleys,San Gabriel,ULASG-02,3.408E+14,1910024-025,6/8/2005,34.13447222,-117.7006111,1910024,Golden State Water Company Claremont,Golden State Water Company Claremont,1657,GOLDEN STATE WATER CO. - REGION 3,IOU_GSR1,,INVESTOR OWNED UTILITY,6652265.947,1871454.105,0
San Gabriel & San Fernando Valleys,San Gabriel,ULASG-03,3.40537E+14,1910024-009,6/8/2005,34.09288889,-117.7131389,1910024,Golden State Water Company Claremont,Golden State Water Company Claremont,1155,GOLDEN STATE WATER CO. - REGION 3,IOU_GSR1,,INVESTOR OWNED UTILITY,6648518.057,1856310.163,0
San Gabriel & San Fernando Valleys,San Gabriel,ULASG-12,3.405E+14,1910212-006,6/16/2005,34.09977778,-118.0228056,1910212,Golden State Water Company S Arcadia,Golden State Water Company S Arcadia,325,GOLDEN STATE WATER CO. - REGION 3,IOU_GSR3,,INVESTOR OWNED UTILITY,6554762.498,1858694.012,0
San Gabriel & San Fernando Valleys,San Gabriel,ULASG-13,3.404E+14,1910223-009,6/16/2005,34.07311111,-118.0951944,1910223,Golden State Water Company S San Gabriel,Golden State Water Company S San Gabriel,309,SAN GABRIEL CWD,CWD_SGB2,,COUNTY WATER DISTRICT,6532838.32,1849002.373,0
San Gabriel & San Fernando Valleys,San Gabriel,ULASG-16,3.40652E+14,1910142-009,7/11/2005,34.11445292,-117.845616,1910142,Golden State Water Company San Dimas,Golden State Water Company San Dimas,784,CITY OF GLENDORA,CTY_GDR,,CITY RETAILER,6608396.671,1864069.673,0
San Gabriel & San Fernando Valleys,San Gabriel,ULASGU-02,3.408E+14,1910142-006,6/13/2005,34.13738889,-117.7781111,1910142,Golden State Water Company San Dimas,Golden State Water Company San Dimas,1193,GOLDEN STATE WATER CO. - REGION 3,IOU_GSR2,,INVESTOR OWNED UTILITY,6628811.062,1872454.72,0
San Gabriel & San Fernando Valleys,San Fernando,ULASF-11,3.419E+14,1900639-001,6/9/2005,34.31922222,-118.3301667,1900639,HATHAWAY-SYCAMORES CHILD FAMILY SVCS,,0,,,,,6461974.467,1938716.81,0
Coastal Los Angeles basins,Central Basin,CLABCB-10,3.35818E+14,1910049-007,8/22/2006,33.97156444,-118.2022938,1910049,Huntington Park  City of,City of Huntington Park,143,CITY OF HUNTINGTON PARK,CTY_HUP,,CITY RETAILER,6500330.363,1812095.568,0
Coastal Los Angeles basins,Central Basin,CLABCB-11,3.35742E+14,1910049-004,8/22/2006,33.9618923,-118.1934434,1910049,Huntington Park  City of,City of Huntington Park,132,CITY OF HUNTINGTON PARK,CTY_HUP,,CITY RETAILER,6503007.063,1808570.393,0
Coastal Los Angeles basins,West Basin,CLABWB-05,3.355E+14,1910051-013,9/12/2006,33.926,-118.3364722,1910051,Inglewood  City of,City of Inglewood,62,GOLDEN STATE WATER CO. - METROPOLITAN,IOU_GSM12,,INVESTOR OWNED UTILITY,6459591.541,1795622.794,0
San Gabriel & San Fernando Valleys,San Gabriel,ULASG-07,3.411E+14,1910063-002,6/14/2005,34.19505556,-118.1635,1910063,Lincoln Avenue Water Company,Lincoln Avenue Water Company,1209,LINCOLN AVENUE WATER COMPANY,MWC_LAV,,MUTUAL WATER COMPANY,6512225.085,1893406.773,0
Coastal Los Angeles basins,West Basin,CLABWB-10,3.34704E+14,na,11/16/2006,33.78572222,-118.3247778,na,Lomita  City of,City of Lomita,0,,CTY_LOM,,,6462974.295,1744560.781,0
Coastal Los Angeles basins,Central Basin,CLABCB-04,3.34836E+14,1910065-005,8/17/2006,33.81033333,-118.1033611,1910065,Long Beach  City of,City of Long Beach,22,CITY OF LONG BEACH,CTY_LBH,YES,CITY RETAILER,6530266.809,1753374.143,0
Coastal Los Angeles basins,Central Basin,CLABCB-05,3.34837E+14,1910065-012,8/21/2006,33.81027778,-118.1508333,1910065,Long Beach  City of,City of Long Beach,37,CITY OF LONG BEACH,CTY_LBH,YES,CITY RETAILER,6515845.305,1753372.162,0
Coastal Los Angeles basins,Central Basin,CLABCB-06,3.34944E+14,1910065-057,8/21/2006,33.82888889,-118.0877778,1910065,Long Beach  City of,City of Long Beach,55,CITY OF LONG BEACH,CTY_LBH,YES,CITY RETAILER,6535006.724,1760122.5,0
Coastal Los Angeles basins,Central Basin,CLABCB-21,3.35215E+14,na,11/16/2006,33.87897222,-118.1732222,na,Long Beach  City of,City of Long Beach,0,CITY OF LONG BEACH,CTY_LBH,YES,CITY RETAILER,6509086.912,1778382.748,0
San Gabriel & San Fernando Valleys,San Fernando,ULASF-01,3.418E+14,1910075-003,5/24/2005,34.30469444,-118.381,1910075,Los Angeles County Public Works Waterworks District 21,Los Angeles County Public Works Waterworks District 21,1668,,CWD_LA1,,,6446605.633,1933484.215,0
San Gabriel & San Fernando Valleys,San Fernando,ULASF-02,3.417E+14,1910067-059,5/24/2005,34.29391667,-118.4575278,1910067,Los Angeles Department of Water and Power,City of Los Angeles,1141,CITY OF LOS ANGELES,CTY_LAX2,YES,CITY RETAILER,6423476.725,1929658.424,0
San Gabriel & San Fernando Valleys,San Fernando,ULASF-04,3.413E+14,1910067-186,5/25/2005,34.23036111,-118.4130833,1910067,Los Angeles Department of Water and Power,City of Los Angeles,852,CITY OF LOS ANGELES,CTY_LAX2,YES,CITY RETAILER,6436805.441,1906471.456,0
San Gabriel & San Fernando Valleys,San Fernando,ULASF-05,3.411E+14,1910067-070,5/26/2005,34.19405556,-118.4159444,1910067,Los Angeles Department of Water and Power,City of Los Angeles,723,CITY OF LOS ANGELES,CTY_LAX2,YES,CITY RETAILER,6435885.959,1893262.888,0
San Gabriel & San Fernando Valleys,San Fernando,ULASF-06,3.40924E+14,1910067-145,5/26/2005,34.15677778,-118.3506944,1910067,Los Angeles Department of Water and Power,City of Los Angeles,568,CITY OF BURBANK,CTY_BUR,YES,CITY RETAILER,6455570.003,1879621.664,0
San Gabriel & San Fernando Valleys,San Fernando,ULASF-10,3.41E+14,1910067-151,6/8/2005,34.18177778,-118.3685833,1910067,Los Angeles Department of Water and Power,City of Los Angeles,660,CITY OF LOS ANGELES,CTY_LAX2,YES,CITY RETAILER,6450191.403,1888738.921,0
San Gabriel & San Fernando Valleys,San Fernando,ULASFU-03,3.40742E+14,1910067-110,6/9/2005,34.11152778,-118.2490556,1910067,Los Angeles Department of Water and Power,City of Los Angeles,415,CITY OF LOS ANGELES,CTY_LAX5,YES,CITY RETAILER,6486278.226,1863062.67,0
San Gabriel & San Fernando Valleys,San Fernando,ULASFU-04,3.413E+14,1910067-189,6/16/2005,34.23208333,-118.4107778,1910067,Los Angeles Department of Water and Power,City of Los Angeles,867,CITY OF LOS ANGELES,CTY_LAX2,YES,CITY RETAILER,6437504.874,1907095.342,0
San Gabriel & San Fernando Valleys,San Fernando,ULASFU-06,3.412E+14,1910067-122,7/20/2005,34.21255556,-118.4033889,1910067,Los Angeles Department of Water and Power,City of Los Angeles,786,CITY OF LOS ANGELES,CTY_LAX2,YES,CITY RETAILER,6439709.713,1899979.845,0
Coastal Los Angeles basins,Central Basin,CLABCB-08,3.35858E+14,1910067-053,8/22/2006,33.98281376,-118.3106276,1910067,Los Angeles Department of Water and Power,City of Los Angeles,137,CITY OF LOS ANGELES,CTY_LAX5,YES,CITY RETAILER,6467495.851,1816273.22,0
Coastal Los Angeles basins,Central Basin,CLABCB-09,3.356E+14,1910067-009,8/22/2006,33.94722222,-118.2569444,1910067,Los Angeles Department of Water and Power,City of Los Angeles,136,CITY OF LOS ANGELES,CTY_LAX5,YES,CITY RETAILER,6483737.466,1803274.79,0
Coastal Los Angeles basins,Central Basin,CLABCB-20,3.401E+14,na,11/15/2006,34.02141667,-118.3577778,na,Los Angeles Department of Water and Power,City of Los Angeles,0,CITY OF LOS ANGELES,CTY_LAX5,YES,CITY RETAILER,6453251.712,1830369.048,0
Coastal Los Angeles basins,Santa Monica,CLABDA-06,3.359E+14,na,11/15/2006,33.99388889,-118.37925,na,Los Angeles Department of Water and Power,City of Los Angeles,0,CITY OF LOS ANGELES,CTY_LAX5,YES,CITY RETAILER,6446707.371,1820375.053,0
Coastal Los Angeles basins,ULAB,CLABU-06,3.407E+14,na,11/16/2006,34.12291667,-118.2173611,na,Los Angeles Department of Water and Power,City of Los Angeles,0,CITY OF LOS ANGELES,CTY_LAX5,YES,CITY RETAILER,6495881.01,1867185.031,0
Coastal Los Angeles basins,West Basin,CLABWB-06,3.4E+14,na,11/13/2006,33.79141667,-118.2368056,na,Los Angeles Department of Water and Power,City of Los Angeles,0,CITY OF LOS ANGELES,CTY_LAX3,YES,CITY RETAILER,6489711.811,1746558.467,0
Coastal Los Angeles basins,West Basin,CLABWB-07,3.34637E+14,na,11/14/2006,33.77680556,-118.2899722,na,Los Angeles Department of Water and Power,City of Los Angeles,0,CITY OF LOS ANGELES,CTY_LAX3,YES,CITY RETAILER,6473541.51,1741283.427,0
Coastal Los Angeles basins,West Basin,CLABWB-02,3.35314E+14,1910083-004,8/30/2006,33.88713889,-118.37025,1910083,Manhattan Beach  City of,City of Manhattan Beach,80,CAL WATER SERVICE CO. - HERMOSA REDONDO,IOU_CWS11,,INVESTOR OWNED UTILITY,6449292.366,1781516.453,0
Coastal Los Angeles basins,West Basin,CLABWB-03,3.35314E+14,1910083-006,8/30/2006,33.88708333,-118.3771389,1910083,Manhattan Beach  City of,City of Manhattan Beach,91,CAL WATER SERVICE CO. - HERMOSA REDONDO,IOU_CWS11,,INVESTOR OWNED UTILITY,6447201.455,1781504.007,0
Coastal Los Angeles basins,Central Basin,CLABCB-12,3.35938E+14,1910085-001,8/29/2006,33.99422222,-118.1858611,1910085,Maywood Mutual Water Company 2,Maywood Mutual Water Company 2,159,,MAC_MA2,,,6505328.065,1820331.575,0
Coastal Los Angeles basins,Central Basin,CLABCB-15,3.3342E+14,1910211-031,8/30/2006,33.90588889,-118.1015556,1910211,Park Water Company,Park Water Company,89,PARK WATER COMPANY,IOU_PWC6,,INVESTOR OWNED UTILITY,6530850.432,1788148.623,0
Coastal Los Angeles basins,Central Basin,CLABCB-16,3.35352E+14,1910211-022,8/30/2006,33.89781111,-118.0776083,1910211,Park Water Company,Park Water Company,89,PARK WATER COMPANY,IOU_PWC6,,INVESTOR OWNED UTILITY,6538114.778,1785202.455,0
Coastal Los Angeles basins,Central Basin,CLABU-02,3.3544E+14,1910211-025,8/14/2006,33.91083333,-118.1383611,1910211,Park Water Company,Park Water Company,93,CITY OF DOWNEY,CTY_DOW,,CITY RETAILER,6519684.581,1789961.346,0
San Gabriel & San Fernando Valleys,San Gabriel,ULASG-22,3.409E+14,1910124-045,7/13/2005,34.15341667,-118.0873611,1910124,Pasadena  City of,City of Pasadena,749,CITY OF PASADENA,CTY_PAS,YES,CITY RETAILER,6535235.929,1878224.899,0
San Gabriel & San Fernando Valleys,San Gabriel,ULASGU-06,3.40931E+14,1910124-007,7/11/2005,34.15861766,-118.1089587,1910124,Pasadena  City of,City of Pasadena,878,CITY OF PASADENA,CTY_PAS,YES,CITY RETAILER,6528703.719,1880124.014,0
Coastal Los Angeles basins,Central Basin,CLABCB-03,3.35817E+14,1910042-005,8/16/2006,33.97145219,-118.0876012,1910042,Pico Rivera  City of,City of Pico Rivera,157,CITY OF PICO RIVERA,CTY_PCR2,,CITY RETAILER,6535105.576,1812004.571,0
Coastal Los Angeles basins,Central Basin,CLABCB-17,3.35712E+14,1910042-012,9/14/2006,33.95268889,-118.0976917,1910042,Pico Rivera  City of,City of Pico Rivera,142,CITY OF PICO RIVERA,CTY_PCR2,,CITY RETAILER,6532039.454,1805179.025,0
San Gabriel & San Fernando Valleys,San Gabriel,ULASGU-10,3.40043E+14,na,7/14/2005,34.01222222,-118.0675833,na,Pico Rivera  City of,City of Pico Rivera,0,CITY OF PICO RIVERA,CTY_PCR2,,CITY RETAILER,6541185.071,1826836.942,0
San Gabriel & San Fernando Valleys,San Gabriel,ULASG-23,3.40653E+14,1910126-031,7/13/2005,34.11469444,-117.7108889,1910126,Pomona  City of,City of Pomona,1381,GOLDEN STATE WATER CO. - REGION 3,IOU_GSR1,,INVESTOR OWNED UTILITY,6649176.451,1864247.53,0
San Gabriel & San Fernando Valleys,San Gabriel,ULASGU-01,3.40624E+14,1910126-013,6/8/2005,34.1065,-117.7295556,1910126,Pomona  City of,City of Pomona,1241,GOLDEN STATE WATER CO. - REGION 3,IOU_GSR1,,INVESTOR OWNED UTILITY,6643534.346,1861249.704,0
San Gabriel & San Fernando Valleys,San Gabriel,ULASG-17,3.403E+14,1910022-002,7/11/2005,34.0515,-117.809,1910022,Pomona  City of,City of Pomona,719,CITY OF POMONA,CTY_PNM,,CITY RETAILER,6619523.372,1841178.99,0
San Gabriel & San Fernando Valleys,San Gabriel,ULASG-11,3.411E+14,1910140-004,6/16/2005,34.18780556,-118.1556944,1910140,Rubio Canyon Land and Water Association,Rubio Canyon Land and Water Association,1154,LINCOLN AVENUE WATER COMPANY,MWC_LAV,,MUTUAL WATER COMPANY,6514581.371,1890764.622,0
San Gabriel & San Fernando Valleys,San Fernando,ULASF-03,3.41837E+14,1910143-005,5/24/2005,34.31066667,-118.4405556,1910143,San Fernando  City of,City of San Fernando,1302,CITY OF LOS ANGELES,CTY_LAX2,YES,CITY RETAILER,6428629.626,1935731.101,0
San Gabriel & San Fernando Valleys,San Gabriel,ULASG-04,3.40511E+14,1910039-001,6/14/2005,34.08658333,-118.0098889,1910039,San Gabriel Valley Water Company,San Gabriel Valley Water Company,328,SAN GABRIEL VALLEY WATER COMPANY,IOU_SGV1,,INVESTOR OWNED UTILITY,6558672.428,1853891.666,0
San Gabriel & San Fernando Valleys,San Gabriel,ULASG-05,3.40321E+14,1910039-024,6/14/2005,34.05591667,-118.0021944,1910039,San Gabriel Valley Water Company,San Gabriel Valley Water Company,288,SAN GABRIEL VALLEY WATER COMPANY,IOU_SGV1,,INVESTOR OWNED UTILITY,6561001.986,1842731.341,0
San Gabriel & San Fernando Valleys,San Gabriel,ULASGU-04,3.40233E+14,1910039-014,6/21/2005,34.04255556,-118.0214167,1910039,San Gabriel Valley Water Company,San Gabriel Valley Water Company,265,SAN GABRIEL VALLEY WATER COMPANY,IOU_SGV1,,INVESTOR OWNED UTILITY,6555178.537,1837869.656,0
Coastal Los Angeles basins,Central Basin,CLABCB-07,3.35744E+14,1910245-004,8/21/2006,33.96205556,-118.0650278,1910245,Santa Fe Springs  City of,City of Santa Fe Springs,152,CITY OF SANTA FE SPRINGS,CTY_SFS,,CITY RETAILER,6541947.723,1808579.74,0
Coastal Los Angeles basins,Santa Monica,CLABDA-01,3.402E+14,1910146-001,8/7/2006,34.04352778,-118.46625,1910146,Santa Monica  City of,City of Santa Monica,238,CITY OF LOS ANGELES,CTY_LAX1,YES,CITY RETAILER,6420419.658,1838550.364,0
Coastal Los Angeles basins,Santa Monica,CLABDA-02,3.40152E+14,1910146-015,8/8/2006,34.03127778,-118.4596667,1910146,Santa Monica  City of,City of Santa Monica,154,CITY OF SANTA MONICA,CTY_SMC,YES,CITY RETAILER,6422393.619,1834083.208,0
Coastal Los Angeles basins,Santa Monica,CLABDA-04,3.40235E+14,1910146-012,8/10/2006,34.04316667,-118.4996111,1910146,Santa Monica  City of,City of Santa Monica,316,CITY OF SANTA MONICA,CTY_SMC,YES,CITY RETAILER,6410312.585,1838467.507,0
Coastal Los Angeles basins,Central Basin,CLABCB-13,3.35643E+14,1910152-009,8/29/2006,33.94511111,-118.1843611,1910152,South Gate  City of,City of South Gate,136,CITY OF SOUTH GATE,CTY_SGT,,CITY RETAILER,6505749.967,1802458.187,0
Coastal Los Angeles basins,West Basin,CLABWB-01,3.35E+14,1910213-009,8/29/2006,33.84508333,-118.3441111,1910213,Torrance  City of,City of Torrance,112,CAL WATER SERVICE CO. - DOMINGUEZ,IOU_CWS1,,INVESTOR OWNED UTILITY,6457173.336,1766183.297,0
Coastal Los Angeles basins,West Basin,CLABWB-09,3.35218E+14,1910213-005,11/14/2006,33.87172222,-118.3357778,1910213,Torrance  City of,City of Torrance,66,CITY OF TORRANCE,CTY_TOR2,YES,CITY RETAILER,6459736.215,1775869.241,0
San Gabriel & San Fernando Valleys,San Gabriel,ULASG-01,3.404E+14,1910163-010,6/7/2005,34.06913889,-117.8878056,1910163,Valencia Heights Water Company,Valencia Heights Water Company,479,SUBURBAN WATER SYSTEMS,IOU_SWS5,,INVESTOR OWNED UTILITY,6595644.847,1847562.117,0
San Gabriel & San Fernando Valleys,San Gabriel,ULASGU-11,3.40618E+14,1910009-001,7/14/2005,34.10552778,-117.96075,1910009,Valley County Water District,Valley County Water District,432,VALLEY CWD,CWD_VAL2,,COUNTY WATER DISTRICT,6573548.398,1860788.081,0
San Gabriel & San Fernando Valleys,San Gabriel,ULASGU-09,3.40552E+14,1910165-002,7/13/2005,34.09813889,-117.9784722,1910165,Valley View Mutual Water Company,Valley View Mutual Water Company,371,VALLEY VIEW MUTUAL WATER COMPANY,MWC_VVW,,MUTUAL WATER COMPANY,6568184.123,1858097.503,0
Coastal Los Angeles basins,Central Basin,CLABCB-19,3.4E+14,na,11/15/2006,34.00652778,-118.2154167,na,Vernon  City of,City of Vernon,0,CITY OF VERNON,CTY_VER,,CITY RETAILER,6496378.721,1824827.693,0
San Gabriel & San Fernando Valleys,San Gabriel,ULASG-06,3.40148E+14,1910173-010,6/14/2005,34.02922222,-118.0536667,1910173,Whittier  City of,City of Whittier,218,SAN GABRIEL VALLEY WATER COMPANY,IOU_SGV1,,INVESTOR OWNED UTILITY,6545405.898,1833021.039,0
Coastal Los Angeles basins,Central Basin,CLABU-03,3.40112E+14,1910173-009,9/13/2006,34.01930556,-118.0601667,1910173,Whittier  City of,City of Whittier,208,CITY OF PICO RIVERA,CTY_PCR2,,CITY RETAILER,6543434.267,1829413.284,0
,,,,,,,,,,,,,,,,,,
,,,,,,,,,,,,,,,,,,
,,,,,,,,,,,,,,,,,,
,,,,,,,,,,,,,,,,,,
,,,,,,,,,,,,,,,,,,
,,,,,,,,,,,,,,,,,,
,,,,,,,,,,,,,,,,,,
,,,,,,,,,,,,,,,,,,
,,,,,,,,,,,,,,,,,,
,,,,,,,,,,,,,,,,,,
,,,,,,,,,,,,,,,,,,
,,,,,,,,,,,,,,,,,,
,,,,,,,,,,,,,,,,,,
,,,,,,,,,,,,,,,,,,
,,,,,,,,,,,,,,,,,,
,,,,,,,,,,,,,,,,,,
,,,,,,,,,,,,,,,,,,
,,,,,,,,,,,,,,,,,,
,,,,,,,,,,,,,,,,,,
,,,,,,,,,,,,,,,,,,
,,,,,,,,,,,,,,,,,,
,,,,,,,,,,,,,,,,,,
,,,,,,,,,,,,,,,,,,
,,,,,,,,,,,,,,,,,,
,,,,,,,,,,,,,,,,,,
,,,,,,,,,,,,,,,,,,
,,,,,,,,,,,,,,,,,,
,,,,,,,,,,,,,,,,,,
,,,,,,,,,,,,,,,,,,
,,,,,,,,,,,,,,,,,,
,,,,,,,,,,,,,,,,,,
,,,,,,,,,,,,,,,,,,
,,,,,,,,,,,,,,,,,,
,,,,,,,,,,,,,,,,,,
,,,,,,,,,,,,,,,,,,
,,,,,,,,,,,,,,,,,,
,,,,,,,,,,,,,,,,,,
,,,,,,,,,,,,,,,,,,
,,,,,,,,,,,,,,,,,,
